INSERT INTO tree(id, name) values (1, 'test tree 1');
INSERT INTO tree(id, name) values (2, 'test tree 2');
INSERT INTO tree(id, name) values (3, 'test tree 3');
INSERT INTO tree(id, name) values (4, 'test tree 4');
INSERT INTO tree(id, name) values (5, 'test tree 5');
INSERT INTO tree(id, name) values (6, 'test tree 6');
INSERT INTO tree(id, name) values (7, 'test tree 7');
INSERT INTO tree(id, name) values (8, 'test tree 8');
INSERT INTO tree(id, name) values (9, 'test tree 9');
INSERT INTO tree(id, name) values (10, 'test tree 10');
INSERT INTO branch(id, name, tree_id) values (1, 'test branch 1', 1);
INSERT INTO branch(id, name, tree_id) values (2, 'test branch 2', 1);
INSERT INTO branch(id, name, tree_id) values (3, 'test branch 3', 2);
INSERT INTO branch(id, name, tree_id) values (4, 'test branch 4', 2);
INSERT INTO branch(id, name, tree_id) values (5, 'test branch 5', 3);
INSERT INTO branch(id, name, tree_id) values (6, 'test branch 6', 3);
INSERT INTO branch(id, name, tree_id) values (7, 'test branch 7', 4);
INSERT INTO branch(id, name, tree_id) values (8, 'test branch 8', 4);
INSERT INTO branch(id, name, tree_id) values (9, 'test branch 9', 5);
INSERT INTO branch(id, name, tree_id) values (10, 'test branch 10',5);
INSERT INTO branch(id, name, tree_id) values (11, 'test branch 11', 6);
INSERT INTO branch(id, name, tree_id) values (12, 'test branch 12', 6);
INSERT INTO branch(id, name, tree_id) values (13, 'test branch 13', 7);
INSERT INTO branch(id, name, tree_id) values (14, 'test branch 14', 7);
INSERT INTO branch(id, name, tree_id) values (15, 'test branch 15', 8);
INSERT INTO branch(id, name, tree_id) values (16, 'test branch 16', 8);
INSERT INTO branch(id, name, tree_id) values (17, 'test branch 17', 9);
INSERT INTO branch(id, name, tree_id) values (18, 'test branch 18', 9);
INSERT INTO branch(id, name, tree_id) values (19, 'test branch 19', 10);
INSERT INTO branch(id, name, tree_id) values (20, 'test branch 20', 10);
INSERT INTO leaf(id, name, branch_id) values (1, 'test leaf 1', 1);
INSERT INTO leaf(id, name, branch_id) values (2, 'test leaf 2', 1);
INSERT INTO leaf(id, name, branch_id) values (3, 'test leaf 3', 1);
INSERT INTO leaf(id, name, branch_id) values (4, 'test leaf 4', 2);
INSERT INTO leaf(id, name, branch_id) values (5, 'test leaf 5', 2);
INSERT INTO leaf(id, name, branch_id) values (6, 'test leaf 6', 2);
INSERT INTO leaf(id, name, branch_id) values (7, 'test leaf 7', 3);
INSERT INTO leaf(id, name, branch_id) values (8, 'test leaf 8', 3);
INSERT INTO leaf(id, name, branch_id) values (9, 'test leaf 9', 3);
INSERT INTO leaf(id, name, branch_id) values (10, 'test leaf 10',4);
INSERT INTO leaf(id, name, branch_id) values (11, 'test leaf 11', 4);
INSERT INTO leaf(id, name, branch_id) values (12, 'test leaf 12', 4);
INSERT INTO leaf(id, name, branch_id) values (13, 'test leaf 13', 5);
INSERT INTO leaf(id, name, branch_id) values (14, 'test leaf 14', 5);
INSERT INTO leaf(id, name, branch_id) values (15, 'test leaf 15', 5);
INSERT INTO leaf(id, name, branch_id) values (16, 'test leaf 16', 6);
INSERT INTO leaf(id, name, branch_id) values (17, 'test leaf 17', 6);
INSERT INTO leaf(id, name, branch_id) values (18, 'test leaf 18', 6);
INSERT INTO leaf(id, name, branch_id) values (19, 'test leaf 19', 7);
INSERT INTO leaf(id, name, branch_id) values (20, 'test leaf 20', 7);
INSERT INTO leaf(id, name, branch_id) values (21, 'test leaf 21', 7);
INSERT INTO leaf(id, name, branch_id) values (22, 'test leaf 22', 8);
INSERT INTO leaf(id, name, branch_id) values (23, 'test leaf 23', 8);
INSERT INTO leaf(id, name, branch_id) values (24, 'test leaf 24', 8);
INSERT INTO leaf(id, name, branch_id) values (25, 'test leaf 25', 9);
INSERT INTO leaf(id, name, branch_id) values (26, 'test leaf 26', 9);
INSERT INTO leaf(id, name, branch_id) values (27, 'test leaf 27', 9);
INSERT INTO leaf(id, name, branch_id) values (28, 'test leaf 28', 10);
INSERT INTO leaf(id, name, branch_id) values (29, 'test leaf 29', 10);
INSERT INTO leaf(id, name, branch_id) values (30, 'test leaf 30',10);
INSERT INTO leaf(id, name, branch_id) values (31, 'test leaf 31', 11);
INSERT INTO leaf(id, name, branch_id) values (32, 'test leaf 32', 11);
INSERT INTO leaf(id, name, branch_id) values (33, 'test leaf 33', 11);
INSERT INTO leaf(id, name, branch_id) values (34, 'test leaf 34', 12);
INSERT INTO leaf(id, name, branch_id) values (35, 'test leaf 35', 12);
INSERT INTO leaf(id, name, branch_id) values (36, 'test leaf 36', 12);
INSERT INTO leaf(id, name, branch_id) values (37, 'test leaf 37', 13);
INSERT INTO leaf(id, name, branch_id) values (38, 'test leaf 38', 13);
INSERT INTO leaf(id, name, branch_id) values (39, 'test leaf 39', 13);
INSERT INTO leaf(id, name, branch_id) values (40, 'test leaf 40', 14);
INSERT INTO leaf(id, name, branch_id) values (41, 'test leaf 41', 14);
INSERT INTO leaf(id, name, branch_id) values (42, 'test leaf 42', 14);
INSERT INTO leaf(id, name, branch_id) values (43, 'test leaf 43', 15);
INSERT INTO leaf(id, name, branch_id) values (44, 'test leaf 44', 15);
INSERT INTO leaf(id, name, branch_id) values (45, 'test leaf 45', 15);
INSERT INTO leaf(id, name, branch_id) values (46, 'test leaf 46', 16);
INSERT INTO leaf(id, name, branch_id) values (47, 'test leaf 47', 16);
INSERT INTO leaf(id, name, branch_id) values (48, 'test leaf 48', 16);
INSERT INTO leaf(id, name, branch_id) values (49, 'test leaf 49', 17);
INSERT INTO leaf(id, name, branch_id) values (50, 'test leaf 50',17);
INSERT INTO leaf(id, name, branch_id) values (51, 'test leaf 51', 17);
INSERT INTO leaf(id, name, branch_id) values (52, 'test leaf 52', 18);
INSERT INTO leaf(id, name, branch_id) values (53, 'test leaf 53', 18);
INSERT INTO leaf(id, name, branch_id) values (54, 'test leaf 54', 18);
INSERT INTO leaf(id, name, branch_id) values (55, 'test leaf 55', 19);
INSERT INTO leaf(id, name, branch_id) values (56, 'test leaf 56', 19);
INSERT INTO leaf(id, name, branch_id) values (57, 'test leaf 57', 19);
INSERT INTO leaf(id, name, branch_id) values (58, 'test leaf 58', 20);
INSERT INTO leaf(id, name, branch_id) values (59, 'test leaf 59', 20);
INSERT INTO leaf(id, name, branch_id) values (60, 'test leaf (60', 20);